Version,0.126,,,,,,,,,,,,
Key Chain,Group Name,Variable Name,Variable Label,Type,Unit,List Values,Description,Scope,Limits,D_Limits,,Ändringar,Ändringsdatum
år|trakt|gistyp|uid,Artrikt_skarm,number_of_selections,Antal valda arter,number,,,,local_nosync,,,,,
år|trakt|gistyp|uid,Habitat_Grasmarksarter_skarm,number_of_selections,Antal val,number,,,,local_sync,,,,,
år|trakt|gistyp|uid,Habitat_Vatmarksarter_skarm,number_of_selections,Antal val,number,,,,local_sync,,,,,
år|trakt|gistyp|uid,SmaProvArt,FinnsPaHall,Hällmarksväxter,boolean,,,,global_sync,,,,,
år|trakt|gistyp|uid,HallMark_skarm,number_of_selections,Antal valda arter,number,,,,local_nosync,,,,,
år|trakt|gistyp|uid|spy,KalkHallMark,FinnsiSPY,Småprovyta,boolean,,,,global_sync,,,,,
år|trakt|gistyp|uid,KalkHallMark_skarm,number_of_selections,Antal arter,number,,,,local_nosync,,,,,
år|trakt|gistyp|uid,KalkMark_skarm,number_of_selections,Antal arter,number,,,,local_nosync,,,,,
år|trakt|gistyp|uid,KarstArt_skarm,number_of_selections,Antal arter,number,,,,local_nosync,,,,,
år|trakt|gistyp|uid,Naturahabitat,Habitatarea,Areal,number,%,,,global_sync,0-100,,,,
år|trakt|gistyp|uid,NaturahabitatSkärm,number_of_selections,Antal val,number,,,,local_nosync,,,,,
år|trakt|gistyp|uid,NaturahabitatSkärm,summa_tackning,Summa areal,number,%,,,local_nosync,,,,,
år|trakt|gistyp|uid,slider,BarrForna,Täckning av barrförna,number,%,,,global_sync,,,,,
år|trakt|gistyp|uid,slider,BladlavTackning,Täckning av stenlevande bladlavar,number,%,,"Bladlavar som lever direkt på sten. Här ingår främst navellavar, sköldlavar (inklusive. färglav), orangelavar, vägglavar, kranslavar, rosettlavar. Vanliga arter är tuschlav, navellav och färglav.",global_sync,,,,,
år|trakt|gistyp|uid,slider,BlottadHumus,Blottad humus,number,%,,,global_sync,,,,,
år|trakt|gistyp|uid,slider,BlottadStenTackning,Blottad sten/block/häll (inkl. skorplavar),number,%,,Täckning av blottad sten/block/häll inklusive skorplavar. Häll täckt av mossa (mossvål) redovisas under variabeln för ''stenlevande mossor''. ,local_nosync,,,,,
år|trakt|gistyp|uid,slider,BottenSkiktOvrigt,Övrigt,number,%,,,local_nosync,,,,,
år|trakt|gistyp|uid,slider,BusklavarTackning,Täckning av gruppen busklavar,number,%,,,global_sync,,,,,
år|trakt|gistyp|uid,slider,LovForna,Täckning av lövförna,number,%,,,global_sync,,,,,
år|trakt|gistyp|uid,slider,MossorStenTackning,Täckning av stenlevande mossor,number,%,,Mossor som inte växer på humus eller jord utan direkt på sten. Ofta bildar de en ''filtad svål'' som går att lyfta loss. ,global_sync,,,,,
år|trakt|gistyp|uid,SmaProvArt,AngsHabGrasm,Befintlighet,boolean,,,,global_sync,,,,,
år|trakt|gistyp|uid,SmaProvArt,AngsHabVatm,Befintlighet,boolean,,,,global_sync,,,,,
år|trakt|gistyp|uid,SmaProvArt,ArtTackningStora,Stora fältskiktsarter,list,,{0%=0}|{1-4%=1}|{5-10%=2}|{11-30%=3}|{31-60%=4}|{>60%=5},,,,,,,
år|trakt|gistyp|uid,SmaProvArt,FinnsiArtrik,Artlista för artrik vegetation,boolean,,,,,,,,,
år|trakt|gistyp|uid,SmaProvArt,FinnsiDikeVatten,Selekterade arter för vattenmiljöer,list,,{0%=0}|{1-4%=1}|{5-10%=2}|{11-30%=3}|{31-60%=4}|{>60%=5},,,,,,,
år|trakt|gistyp|uid|sub,SmaProvArt,FinnsiSPY,Småprovyta,boolean,,,,global_sync,,,,,
år|trakt|gistyp|uid,SmaProvArt,KarstArt,Arter i karstsprickor (3 m),boolean,,,,,,,,,
år|trakt|gistyp|uid,SmaProvArt,FinnsPaLovang,Befintlighet,boolean,,,,global_sync,,,,,
år|trakt|gistyp|uid,SmaProvArt_skarm,number_of_selections7,,number,,,,,,,,,
år|trakt|gistyp|uid,SmaProvArt_skarm,number_of_selections_y,,number,,,,,,,,,
år|trakt|gistyp|uid,SmaProvArt_skarm,number_of_selections1,,number,,,,,,,,,
år|trakt|gistyp|uid,SmaProvArt_skarm,number_of_selections2,,number,,,,,,,,,
år|trakt|gistyp|uid,SmaProvArt_skarm,number_of_selections3,,number,,,,,,,,,
år|trakt|gistyp|uid,SmaProvArt_skarm,number_of_selections4,,number,,,,,,,,,
år|trakt|gistyp|uid,SmaProvArt_skarm,number_of_selections5,,number,,,,,,,,,
år|trakt|gistyp|uid,SmaProvArt_skarm,number_of_selections6,,number,,,,,,,,,
år|trakt|gistyp|uid,STATUS,status_abo_naturatyper,inventeringsstatus,number,,,,local_sync,,,,,
år|trakt|gistyp|uid,STATUS,status_abo_trad,inventeringsstatus,number,,,,local_sync,,,,,
år|trakt|gistyp|uid,STATUS,status_akerholme,inventeringsstatus,number,,,,local_sync,,,,,
år|trakt|gistyp|uid,STATUS,status_akerkant,inventeringsstatus,number,,,,local_sync,,,,,
år|trakt|gistyp|uid,STATUS,status_allerad,inventeringsstatus,number,,,,local_sync,,,,,
år|trakt|gistyp|uid,STATUS,status_alletrad,inventeringsstatus,number,,,,local_sync,,,,,
år|trakt|gistyp|uid,STATUS,status_Alvar,inventeringsstatus,number,,,,local_sync,,,,,
år|trakt|gistyp|uid,STATUS,status_angsobetekompl,inventeringsstatus,number,,,,local_sync,,,,,
år|trakt|gistyp|uid,STATUS,status_angsochbete,inventeringsstatus,number,,,,local_sync,,,,,
år|trakt|gistyp|uid,STATUS,status_arter,inventeringsstatus,number,,,,local_sync,,,,,
år|trakt|gistyp|uid,STATUS,status_artrikt,inventeringsstatus,number,,,,local_sync,,,,,
år|trakt|gistyp|uid,STATUS,status_artrikt_arter,inventeringsstatus,number,,,,local_sync,,,,,
år|trakt|gistyp|uid,STATUS,status_barande,inventeringsstatus,number,,,,local_sync,,,,,
år|trakt|gistyp|uid,STATUS,status_brukningsvag,inventeringsstatus,number,,,,local_sync,,,,,
år|trakt|gistyp|uid,STATUS,status_Basiskberghall,inventeringsstatus,number,,,,local_sync,,,,,
år|trakt|gistyp|uid,STATUS,status_Basiskberghallpolygon,inventeringsstatus,number,,,,,,,,,
år|trakt|gistyp|uid,STATUS,status_BuskArt,inventeringsstatus,number,,,,local_sync,,,,,
år|trakt|gistyp|uid,STATUS,status_dikevatten,inventeringsstatus,number,,,,local_sync,,,,,
år|trakt|gistyp|uid,STATUS,status_fukthed,inventeringsstatus,number,,,,local_sync,,,,,
år|trakt|gistyp|uid,STATUS,status_fukthedspolygon,inventeringsstatus,number,,,,local_sync,,,,,
år|trakt|gistyp|uid,STATUS,status_GPS1,Status av positionsmätningen,number,,,,,,,,,
år|trakt|gistyp|uid,STATUS,status_GPS2,Status av positionsmätningen,number,,,,,,,,,
år|trakt|gistyp|uid,STATUS,status_habitat,inventeringsstatus,number,,,,local_sync,,,,,
år|trakt|gistyp|uid,STATUS,status_habitat_grasmark,inventeringsstatus,number,,,,local_sync,,,,,
år|trakt|gistyp|uid,STATUS,status_habitat_vatmark,inventeringsstatus,number,,,,local_sync,,,,,
år|trakt|gistyp|uid,STATUS,status_HallMark,inventeringsstatus,number,,,,local_sync,,,,,
år|trakt|gistyp|uid,STATUS,status_HallMark_Torr,inventeringsstatus,number,,,,local_sync,,,,,
år|trakt|gistyp|uid,STATUS,status_HallMark2,inventeringsstatus,number,,,,local_sync,,,,,
år|trakt|gistyp|uid,STATUS,status_HallmarkPoly,inventeringsstatus,number,,,,local_sync,,,,,
år|trakt|gistyp|uid,STATUS,status_KalkHallArter,inventeringsstatus,number,,,,local_sync,,,,,
år|trakt|gistyp|uid,STATUS,status_KalkHallmark,inventeringsstatus,number,,,,local_sync,,,,,
år|trakt|gistyp|uid,STATUS,status_KalkHallmarkTackning,inventeringsstatus,number,,,,local_sync,,,,,
år|trakt|gistyp|uid,STATUS,status_kalkhalls_o_karstpoly,inventeringsstatus,number,,,,local_sync,,,,,
år|trakt|gistyp|uid,STATUS,status_Kalkmark,inventeringsstatus,number,,,,local_sync,,,,,
år|trakt|gistyp|uid,STATUS,status_KalkmarkArter,inventeringsstatus,number,,,,local_sync,,,,,
år|trakt|gistyp|uid,STATUS,status_karstSpricka,inventeringsstatus,number,,,,local_sync,,,,,
år|trakt|gistyp|uid,STATUS,status_kraftledning,Statusvariabel för kraftledning,number,,,,local_sync,,,,,
år|trakt|gistyp|uid,STATUS,status_kraftledningsvk,Statusvariabel för kraftledningsvk bio,number,,,,,,,,,
år|trakt|gistyp|uid,STATUS,status_lansgras,Statusvariabel för lansgras,number,,,,local_sync,,,,,
år|trakt|gistyp|uid,STATUS,status_lansvat,Statusvariabel för lansvat,number,,,,,,,,,
år|trakt|gistyp|uid,STATUS,status_Lovang,Statusvariabel för lövängar,number,,,,local_sync,,,,,
år|trakt|gistyp|uid,STATUS,status_LovangArter,inventeringsstatus,number,,,,local_sync,,,,,
år|trakt|gistyp|uid,STATUS,status_patrullstig,inventeringsstatus,number,,,,local_sync,,,,,
år|trakt|gistyp|uid,STATUS,status_patrullstigsvk,inventeringsstatus,number,,,,local_sync,,,,,
år|trakt|gistyp|uid,STATUS,status_SkyddsVart,inventeringsstatus,number,,,,local_sync,,,,,
år|trakt|gistyp|uid,STATUS,status_skyddsvart,inventeringsstatus,number,,,,local_sync,,,,,
år|trakt|gistyp|uid,STATUS,status_slatterang,inventeringsstatus,number,,,,local_sync,,,,,
år|trakt|gistyp|uid,STATUS,status_smavatten,inventeringsstatus,number,,,,local_sync,,,,,
år|trakt|gistyp|uid,STATUS,status_SPY,inventeringsstatus,number,,,En status variabel per SPY i nyckel,local_sync,,,,,
år|trakt|gistyp|uid,STATUS,status_stensubstrat,inventeringsstatus,number,,,,local_sync,,,,,
år|trakt|gistyp|uid,STATUS,status_StoraArter,inventeringsstatus,number,,,,local_sync,,,,,
år|trakt|gistyp|uid,STATUS,status_svamang,inventeringsstatus,number,,,,local_sync,,,,,
år|trakt|gistyp|uid,STATUS,status_svamang,inventeringsstatus,number,,,,local_sync,,,,,
år|trakt|gistyp|uid,STATUS,status_Tot,inventeringsstatus,number,,,,local_sync,,,,,
år|trakt|gistyp|uid,STATUS,status_TradArt,inventeringsstatus,number,,,,local_sync,,,,,
år|trakt|gistyp|uid,STATUS,status_TradBuskArt,inventeringsstatus,number,,,,local_sync,,,,,
år|trakt|gistyp|uid,STATUS,status_trakt,inventeringsstatus,number,,,,global_sync,,,,,
år|trakt|gistyp|uid,STATUS,status_vattenarter,inventeringsstatus,number,,,,local_sync,,,,,
år|trakt|gistyp|uid,STATUS,status_vegremsa,inventeringsstatus,number,,,,local_sync,,,,,
år|trakt|gistyp|uid,STATUS,status_Inlandsandmark,inventeringsstatus,number,,,,local_sync,,,,,
år|trakt|gistyp|uid,STATUS,status_Inlandsandmarkpolygon,inventeringsstatus,number,,,,local_sync,,,,,
år|trakt|gistyp|uid,StoraArter_skarm,number_of_selections,Antal valda stora arter,number,,,,local_nosync,,,,,
år|trakt|gistyp|uid,,Stubbant200_over,Ant stubbar >200 mm,list,,{Inga stubbar =0}|{1 st=1}|{2 st=2}|{3-5 st=5}|{6-10 st=10}|{10-20=20}|{20-40=40}|{>40=41},"Gäller 10-metersytan. Räkna antalet, vid större antal gör en överslagsberäkning från ett representativt område.",global_sync,,,,,
år|trakt|gistyp|uid,,Stubbant100_200,Ant stubbar 100-200 mm,list,,{Inga stubbar=0}|{1-5 st=5}|{6-20 st=20}|{21-50 st=50}|{51-200 st=200}|{>200=201},,global_sync,,,,,
år|trakt|gistyp|uid,,Stubbant50_100,Ant stubbar 50-100 mm,list,,{Inga stubbar=0}|{1-5 st=5}|{6-20 st=20}|{21-50 st=50}|{51-200 st=200}|{>200=201},,global_sync,,,,,
år|trakt|gistyp|uid,,Stubbant25_50,Ant stubbar 25-50 mm,list,,{Inga stubbar=0}|{1-5 st=5}|{6-20 st=20}|{21-50 st=50}|{51-200 st=200}|{>200=201},,global_sync,,,,,
år|trakt|gistyp|uid,,Stubbant0_25,Ant stubbar 0-25 mm,list,,{Inga stubbar=0}|{1-20 st=20}|{21-50 st=50}|{51-200 st=200}|{>200=201},,global_sync,,,,,
år|trakt|gistyp|uid,,StubbantPoly200_over,Ant stubbar >200 mm,list,,{Inga stubbar=0}|{1-5 st=5}|{6-20 st=20}|{21-50 st=50}|{51-200 st=200}|{>200=201},,global_sync,,,,,
år|trakt|gistyp|uid,,StubbantPoly100_200,Ant stubbar 100-200 mm,list,,{Inga stubbar=0}|{1-5 st=5}|{6-20 st=20}|{21-50 st=50}|{51-200 st=200}|{>200=201},,global_sync,,,,,
år|trakt|gistyp|uid,,StubbantPoly50_100,Ant stubbar 50-100 mm,list,,{Inga stubbar=0}|{1-5 st=5}|{6-20 st=20}|{21-50 st=50}|{51-200 st=200}|{>200=201},,global_sync,,,,,
år|trakt|gistyp|uid,,StubbantPoly25_50,Ant stubbar 25-50 mm,list,,{Inga stubbar=0}|{1-5 st=5}|{6-20 st=20}|{21-50 st=50}|{51-200 st=200}|{>200=201},,global_sync,,,,,
år|trakt|gistyp|uid,,StubbantPoly0_25,Ant stubbar 0-25 mm,list,,{Inga stubbar=0}|{1-20 st=20}|{21-50 st=50}|{51-200 st=200}|{>200=201},Polygonens värden kan vid antal över 200 kombineras med antalet för provytorna för en bättre upplösning av röjningseffekten.,global_sync,,,,,
år|trakt|gistyp|uid,TradBuskArt,Antal__Grova,Antal av art med diameter över 100 mm i brh.,number,,,,,0-51,,,,
år|trakt|gistyp|uid,TradBuskArt,Antal_1_19,Antal av art <19 mm i brösthöjd,number,,,,,0-10000,,,,
år|trakt|gistyp|uid,TradBuskArt,Antal_20_39,Antal av art > 19 mm < 40 mm i brösthöjd ,number,,,,,0-5001,,,,
år|trakt|gistyp|uid,TradBuskArt,Antal_40_99,Antal av art med diameter 40-99 mm i brh.,number,,,,,0-1000,,,,
år|trakt|gistyp|uid,TradBuskArt,AntalOver50,Antal av art > 5 dm < 13 dm,number,,,,,0-10000,,,,
år|trakt|gistyp|uid,TradBuskArt,ArtAntal,"Antal stammar som är längre än 0,5 meter av specificerad art. Antalet räknas på 2 dm höjd för att unvika majoriteten av förgreningar. (Se manual för förtydligande).",list,,"{Inga stammar > 0,5 meter=0}|{1-5 st=5}|{6-20 st=20}|{21-50 st=50}|{51-200 st=200}|{>200=201}","Ange antalet stammar som är längre än 0,5 meter. Räkna stammarna på 0,2 meters höjd.",,,,,,
år|trakt|gistyp|uid,TradBuskArt,ArtMedelHojd,Medelhöjd för den specifika arten. Endast träd inom ytan räknas.,list,,{<1 m=1}|{1-3 m =3}|{3-5 m=5}|{5-10 m=10}|{10-20 m=20}|{>20 m=21},,,,,,,
år|trakt|gistyp|uid,TradBuskArt,ArtTackning,Diffus täckning av träd-/buskart. Även den del av grenverket som sträcker sig in över ytan utifrån räknas.,list,,{0%=0}|{1-4%=1}|{5-10%=2}|{11-30%=3}|{31-60%=4}|{>60%=5},,,,,,,
år|trakt|gistyp|uid,TradBuskArt_skarm,number_of_selections,Antal valda arter,number,,,,local_nosync,,,,,
år|trakt|gistyp|uid,TradBuskArtSkärm,antal_arter,Antal inmatade arter,number,,,används för buskar,local_nosync,,,,,
år|trakt|gistyp|uid,TradBuskArtSkärm,antal_kalkhallmarkarter,Antal inmatade arter,number,,,,local_nosync,,,,,
år|trakt|gistyp|uid,TradBuskArtSkärm,antal_tradArter,Antal inmatade arter,number,,,,local_nosync,,,,,
år|trakt|gistyp|uid,TradBuskArtSkärm,number_of_selections,Antal inmatade arter,number,,,används för träd,local_nosync,,,,,
år|trakt|gistyp|uid,TradformSkärm,number_of_selections,Antal valda arter,number,,,,,,,,,
år|trakt|gistyp|uid,VattenArter_skarm,number_of_selections,Antal valda arter,number,,,,local_nosync,,,,,
år|trakt|gistyp|uid,,ABO_ID,dummy,number,,,,,,,,,
år|trakt|gistyp|uid,,AboytaId,ÄBO-ID,number,,,Nummer på det ängs- och betesobjekt som provytan ligger inom.,global_sync,,,,,
år|trakt|gistyp|uid,,AlleTyp,Typ av allérad,list,,{Lövdominerad (>70%)=1 }|{Barrdominerad (>70%)=2}|{Blandad=3},Allérader karteras om de ingår i (rester av) alléer med minst 5 träd. Andelen bestäms utifrån antalet träd.,,,,,,
år|trakt|gistyp|uid,,Almsjuka,Almsjuka,list,,{ingen påverkan=0}|{<10% påverkan=1}|{10-30% påverkan=2}|{>30% påverkan=3}|{Trädet dött=4},Andelen av trädet som visar tecken på påverkan av almsjuka,,,,,,
år|trakt|gistyp|uid,,AndelHabitat,Andel jordtäcke tunnare än 8 cm. (%),list,,0|1|2|3|5|8|12|15|20|25|30|40|50|60|70|80|85|88|92|95|97|98|99|100,Använd en stålsticka för att sondera jordtjockleken. Tryck ner ev. förnalager försiktigt när måttet tas.,,,,,,
år|trakt|gistyp|uid,,AntalKvadranter,Inväxning i krona,list,,{Ingen kvadrant=0}|{1 kvadrant=1}|{2 kvadranter=2}|{3 kvadranter=3}|{4 kvadranter=4},,,,,,,
år|trakt|gistyp|uid,,ANTALSPY,Förväntat antal småprovytor för importen. ,number,,,Skickas ut i ''header''. Antalet småprovytor som importen förväntar sig. Saknade provytor utlöser feltillstånd.,,3-9,,,,
år|trakt|gistyp|uid,,anteckning,Anteckning,text,,,,,,,,,
år|trakt|gistyp|uid,,ArtListVal,Val av artlista för habitat,list,,Gräsmark|Våtmark|Annan typ,Artlistor för habitatpoäng,global_sync,,,,,
år|trakt|gistyp|uid,,ArtrikFaltHojd,Höjd på vegetationen ,list,,{0-5 cm=1}|{5-15 cm =2}|{>15 cm=3},Analogt med beteshöjd.,,,,,,
år|trakt|gistyp|uid,,ArtrikTyp,Artrik vegtyp,list,,{Torr-frisk ängsvegetation=1}|{Äldre åkerogräs=2}|{Hällvegetation=3}|{Sandblotta=4},,,,,,Sandblotta lades till,170824
år|trakt|gistyp|uid,,Askskottssjuka,Askskottsjuka,list,,{ingen påverkan=0}|{<10% påverkan=1}|{10-30% påverkan=2}|{>30% påverkan=3}|{Trädet dött=4},Andelen av trädet som visar tecken på påverkan av askskottsjuka,,,,,,
år|trakt|gistyp|uid,,author,Namn,text,,,,,,,,,
år|trakt|gistyp|uid,,BarrForna,Täckning av barrförna,list,,{0%=0}|{1-4%=1}|{5-10%=2}|{11-30%=3}|{31-60%=4}|{>60%=5},,,,,,,
år|trakt|gistyp|uid,,BetesPaverkan,Hävdpåverkat?,boolean,,,Finns tydliga spår av pågående eller upphörd hävdpåverkan?,,,,,,
år|trakt|gistyp|uid,,BladlavTackning,Täckning av stenlevande bladlavar,list,,{0%=0}|{1-4%=1}|{5-10%=2}|{11-30%=3}|{31-60%=4}|{>60%=5},"Bladlavar som lever direkt på sten. Här ingår främst navellavar, sköldlavar (inklusive. färglav), orangelavar, vägglavar, kranslavar, rosettlavar. Vanliga arter är tuschlav, navellav och färglav.",,,,,,
år|trakt|gistyp|uid,,Blockighet,Antal block (3 m),list,,{0 st=0}|{1 st=1}|{2 st=2}|{3-5 st=5}|{6-10 st=10}|{>10 st=11},Block ska vara minst 20 cm på kortaste ledden.,,,,,,
år|trakt|gistyp|uid,,BlomRikArtv,Blomarea Ärtväxter,list,,{0‰=0}|{1‰=1}|{2-3‰=2}|{4-5‰=3}|{6-10‰=4}|{>10‰=5},,,,,,,
år|trakt|gistyp|uid,,BlomRikOvr,Blomarea för samtliga övriga arter,list,,{0‰=0}|{1‰=1}|{2-3‰=2}|{4-5‰=3}|{6-10‰=4}|{>10‰=5},,,,,,,
år|trakt|gistyp|uid,,BlomRikTistelv,Blomarea Tistelväxter,list,,{0‰=0}|{1‰=1}|{2-3‰=2}|{4-5‰=3}|{6-10‰=4}|{>10‰=5},,,,,,,
år|trakt|gistyp|uid,,BlomRikTradBusk,Blomarea på träd och buskar ,list,,{0‰=0}|{1‰=1}|{2-3‰=2}|{4-5‰=3}|{6-10‰=4}|{>10‰=5},Arean beräknas oavsett blommans “riktning”. 1‰ är 3 kvadratdecimeter på en normal provyta.,,,,,,
år|trakt|gistyp|uid,,BlottadHumus,Blottad humus,list,,{0%=0}|{1-4%=1}|{5-10%=2}|{11-30%=3}|{31-60%=4}|{>60%=5},,,,,,,
år|trakt|gistyp|uid,,BlottadMineral,Blottad mineraljord/grus,list,,{0%=0}|{1-4%=1}|{5-10%=2}|{11-30%=3}|{31-60%=4}|{>60%=5},Procent av vägen som täcks av blottad mineraljord/grus. Observera att det endast är vägen som bedöms och inte vägområdet. (Bild i övre vänstra ramen.),,,,,,
år|trakt|gistyp|uid,,BlottadMineralArtrik,Blottad mineraljord/grus,list,,{0%=0}|{1-4%=1}|{5-10%=2}|{11-30%=3}|{31-60%=4}|{>60%=5},Strikt täckning av blottad mineraljord på det bedömda området.,,,,,,
år|trakt|gistyp|uid,,BlottadStenTackning,Blottad sten/block/häll,list,,{0%=0}|{1-4%=1}|{5-10%=2}|{11-30%=3}|{31-60%=4}|{>60%=5},Täckning av blottad sten/block/häll inklusive skorplavar. Häll täckt av mossa (mossvål) redovisas under variabeln för ''stenlevande mossor''.,,,,,,
år|trakt|gistyp|uid,,BottenSkiktOvrigt,Övrigt,list,,{0%=0}|{1-4%=1}|{5-10%=2}|{11-30%=3}|{31-60%=4}|{>60%=5},,,,,,,
år|trakt|gistyp|uid,,BrunmossorTackning,Täckning av gruppen brunmossor,list,,{0%=0}|{1-4%=1}|{5-10%=2}|{11-30%=3}|{31-60%=4}|{>60%=5},,,,,,,
år|trakt|gistyp|uid,,BusklavarTackning,Täckning av gruppen busklavar,list,,{0%=0}|{1-4%=1}|{5-10%=2}|{11-30%=3}|{31-60%=4}|{>60%=5},,,,,,,
år|trakt|gistyp|uid,,CentrumFlytt,Har centrum flyttats?,boolean,,,,,,,,,
år|trakt|gistyp|uid,,cpradie,dummy,number,,,,,,,,,
,,Current_Year,,number,,,,local_nosync,,,,,
år|trakt|gistyp|uid,,DELYTA,Variabel för koppling till gamla systemet,number,,,,,,,,,
år|trakt|gistyp|uid,,DeponiTackning,Täckning av deponi,list,,{0%=0}|{1-4%=1}|{5-10%=2}|{11-30%=3}|{31-60%=4}|{>60%=5},,,,,,,
år|trakt|gistyp|uid,,DeponiTyp,Deponi (3 m),list,,@file,,,,,,,
år|trakt|gistyp|uid,,DikeBredd,Bredd på dike/vattendrag (se grafik),list,dm,5|6|7|8|9|10|12|14|16|18|20|22|24|26|28|30|32|34|36|38|40|42|44|46|48|50|60|70|80|90|99+,Alla variabler i dm.,,,,,,
år|trakt|gistyp|uid,,DikeDjup,Dikesdjup (dm),list,dm,1|2|3|4|5|6|7|8|9|10|11|12|13|14|15|16|17|18|19|20|21+,Alla variabler i dm.,,,,,,
år|trakt|gistyp|uid,,DikeFinns,Finns dikesfåra inom området,boolean,,,,,,,,,
år|trakt|gistyp|uid,,DodVedExp,Exponerad död ved (kvm),list,kvm,"{Ingen=0}|{0,5-2=1}|{2-5=2}|{5-10=3}|{>10=4}","Total yta av exponerad död ved. Upp till 0,5 kvm registreras som ''ingen''.",,,,,,
år|trakt|gistyp|uid,,e_koord,dummy,number,,,,,,,,,
år,,ExportTrakt,Trakt nummer,list,,@col=trakt,Nummer på trakt som ska exporteras,local_nosync,,,,,
år|trakt|gistyp|uid,,Faltar,dummy,number,,,,,,,,,
år|trakt|gistyp|uid,,FALTID,dummy,number,,,,,,,,,
år|trakt|gistyp|uid,,FALTID,dummy,text,,,,,,,,,
år|trakt|gistyp|uid,,FaltNotering,Fältnotering,text,,,"Positionerad notering för framtida bruk (motsvarar ""grön lapp"" från NILS).",,,,,,
år|trakt|gistyp|uid,,FinnsiAlle,Trädart,list,,@file,,,,,,,
år|trakt|gistyp|uid,,FIXEDGID,"Används vid importen, innehåller unikt fixerat id-nummer",number,,,,,,,,,
år|trakt|gistyp|uid,,Flakskada,Fläkskador,boolean,,,,,,,,,
år|trakt|gistyp|uid,,FLYGBILDAR,Året då flygfotot togs,text,,,Året då flygbilden är tagen.,,,,,,
år|trakt|gistyp|uid,,FlyttAvstand,Flyttat avstånd,list,dm,0|5|10|15|20|25|30|,,,,,,,
år|trakt|gistyp|uid,,FlyttAvstNordSyd,Flyttat avstånd i decimeter,list,dm,0|5|10|15|20|25|30,Det flyttade avståndet från ytans egentliga centrumpunkt (Nord-Syd).,,,,,,
år|trakt|gistyp|uid,,FlyttAvstOstVast,Flyttat avstånd i decimeter,list,dm,0|5|10|15|20|25|30,Det flyttade avståndet från ytans egentliga centrumpunkt (Öst-Väst).,,,,,,
år|trakt|gistyp|uid,,FlyttNordSyd,Flyttningsriktning Nordsyd,list,,Välj|Mot söder|Mot norr,,,,,,,
år|trakt|gistyp|uid,,FlyttOstVast,Flyttningsriktning Östväst,list,,Välj|Mot väster|Mot öster,,,,,,,
år|trakt|gistyp|uid,,FlyttRiktning,Flyttningsriktning,list,,Välj|Mot norr|Mot nordost|Mot öster|Mot sydost|Mot söder|Mot sydväst|Mot väster|Mot nordväst,,,,,,,
år|trakt|gistyp|uid,,Foto,,text,,,,global_sync,,,,,
år|trakt|gistyp|uid,,FotoKanTas,Kan objektet fotograferas?,boolean,,,,,,,,,
år|trakt|gistyp|uid,,FotoKarst1,Foto lilla ytan,text,,,,global sync,,,,,
år|trakt|gistyp|uid,,FotoKarst2,Foto lilla ytan,text,,,,global sync,,,,,
år|trakt|gistyp|uid,,GENERATEDUID,dummy,number,,,,,,,,,
år|trakt|gistyp|uid,,GeoPointX,,number,SWEREF99,,,,,,,,
år|trakt|gistyp|uid,,GeoPointY,,number,SWEREF99,,,,,,,,
år|trakt|gistyp|uid,,GeoType,,list,,Point|Multipoint|LineString|MultiLineString|Polygon|MultiPolygon|GeometryCollection,,,,,,,
år|trakt|gistyp|uid,,GISobjektArea,Area,number,m2,,Arean på objektet som inventeras,local_nosync,,,,,
år|trakt|gistyp|uid,,GISobjektOmkrets,Längd,number,m,,Längden/omkretsen på objektet som inventeras,local_nosync,,,,,
år|trakt|gistyp|uid,,GISTYP,"Typ av objekt, används vid importen för felkoll/sortering",list,,,lansgras|kraftledning|patrullstig|hallmarkstorr|hallmarkspolygon|fukthed|fukthedspolygon|aobdelytor|angsobete,,,,,,
år|trakt|gistyp|uid,,GlobalID,Variabel som ibland måste följa med styrfilen,text,,,,,,,,,
år|trakt|gistyp|uid,,GlobalID_1,Variabel som ibland måste följa med styrfilen,text,,,,,,,,,
år,,GPS_Accuracy,Position error size,array,m,,"The accuracy of the latest GPS_X, Y measurement.",,,,,,
år,,GPS_X,The latitude E-W value for the user position,array,,,,,,,,,
år,,GPS_Y,The longitude N-S value for the user position,array,,,,,,,,,
år|trakt|gistyp|uid,,GPSCoord,GPS Location,number,,,,,,,,,
år|trakt|gistyp|uid,,GramForna,Täckning av graminidförna,list,,{0%=0}|{1-4%=1}|{5-10%=2}|{11-30%=3}|{31-60%=4}|{>60%=5},,,,,,,
år|trakt|gistyp|uid,,TotStoraArter,Antal stora arter,number,,,,global_sync,,,,,
år|trakt|gistyp|uid,,GraminiderTackning,Täckning av gräs och halvgräs,list,,{0%=0}|{1-4%=1}|{5-10%=2}|{11-30%=3}|{31-60%=4}|{>60%=5},,,,,,,
år|trakt|gistyp|uid,,GraskantBredd,Bredd på gräsmarksområde (dm),list,dm,0|10|12|14|16|18|20|22|24|26|28|30|32|34|36|38|40|42|44|46|48|50,Bredd på det område som har en grässvål. Hit förläggs småprovytorna enligt manual. Om bredden är mindre än 10 dm sätts bredd = 0.,,,,,Alternativ bredd = 0 infört från 20170808. Flödesstyrningen ändrad enligt manualens instruktion.,20170808
år|trakt|gistyp|uid,,GrenGrovHamlat,Genomsn. grendiameter (cm),list,cm,1|2|3|4|5|7|10|12|15|20|20+,Genomsnittlig diameter på grenar/kvistar som skjuter ut kring senaste hamlingspunkt. Noll anges för nyhamlat träd.,,,,,,
år|trakt|gistyp|uid,,Grenskada,Avsågade grenar,boolean,,,,,,,,,
år|trakt|gistyp|uid,,HabitatText,Kommentar,text,,,Kommentar vid ändring av habitatklasser.,global_sync,,,,,
år|trakt|gistyp|uid,,Hal1,Finns stamhål?,boolean,,,,,,,,,
år|trakt|gistyp|uid,,Hal1bredd,Hålets bredd i cm,list,cm,3|4|5|6|7|8|9|10|12|15|20|25|30|40|50|50+,Hålets bredd anges i centimeter,,,,,,
år|trakt|gistyp|uid,,Hal1hojd,Hålets höjd i cm (min 3 cm),list,cm,3|4|5|6|7|8|9|10|12|15|20|25|30|40|50|50+,Hålets höjd anges i centimeter,,,,,,
år|trakt|gistyp|uid,,Hal1placering,Placering ovan mark (dm),list,dm,0|1|4|7|10|13|16|20|25|30|35|40|45|50|55|60|70|80|90|100|100+,Anges till närmaste decimetertal. Över 10 meter sätts till 100+,,,,,,
år|trakt|gistyp|uid,,Hal2,Finns ytterligare stamhål?,boolean,,,,,,,,,
år|trakt|gistyp|uid,,Hal2bredd,Hålets bredd i cm,list,cm,3|4|5|6|7|8|9|10|12|15|20|25|30|40|50|50+,Hålets bredd anges i centimeter,,,,,,
år|trakt|gistyp|uid,,Hal2hojd,Hålets höjd i cm,list,cm,3|4|5|6|7|8|9|10|12|15|20|25|30|40|50|50+,Hålets höjd anges i centimeter,,,,,,
år|trakt|gistyp|uid,,Hal2placering,Placering ovan mark (dm),list,dm,1|4|7|10|13|16|20|25|30|35|40|45|50|55|60|70|80|90|100|100+,Anges till närmaste decimetertal. Över 10 meter sätts till 100+,,,,,,
år|trakt|gistyp|uid,,HamlingsTid,Hamlingstid,list,,{Ej aktuellt=1}|{0-20 år=2}|{20-50 år=3}|{>50 år=4},,,,,,,
år|trakt|gistyp|uid,,HavdStatusLovang,När hävdades marken senast,list,,{Ej valt=-1}|{Pågående bete=1}|{Bete osäkert=2}|{Inget bete=3}|{Slåtter i år=4}|{Slåtter ej i år=5}|{Upphörd hävd=6},,global_sync,,,,,
år|trakt|gistyp|uid,,HavdStatus,När hävdades marken senast,list,,{Ej valt=-1}|{Pågående bete=1}|{Bete osäkert=2}|{Inget bete=3}|{Slåtter i år=4}|{Slåtter ej i år=5}|{Upphörd hävd=6},,global_sync,,,,,
år|trakt|gistyp|uid,,Havdtyp,Hävdtyp,list,,@file,Välj bland de vanligaste kombinationerna av beten. Om provytan inte är betespåverkad anges ''Kan ej avgöras / ej aktuellt''.,,,,,,
år|trakt|gistyp|uid,,id,dummy,number,,,,,,,,,
år|trakt|gistyp|uid,,INVENTAR,"Används vid importen, håller reda på vilken säsong provytan ingår i.",number,,,,,,,,,
år|trakt|gistyp|uid,,KalkHallFukt1,Aktuell fuktighet,list,,{Ej valt=-1}|{Helt torr=0}|{0-5%=1}|{6-25%=2}|{26-75%=3}|{>95%=4}|{Helt fuktig=5},Andel av provytan som är fuktig vid inventeringstillfället.,global_sync,,,,,
år|trakt|gistyp|uid,,KalkHallFukt2,Aktuell fuktighet,list,,{Ej valt=-1}|{Helt torr=0}|{0-5%=1}|{6-25%=2}|{26-75%=3}|{>95%=4}|{Helt fuktig=5},Andel av provytan som är fuktig vid inventeringstillfället.,global_sync,,,,,
år|trakt|gistyp|uid,,KalkPaverkan,Kalkpåverkad vegetation?,boolean,,,Mark där vegetationen påverkas av kalkinnehåll.,,,,,,
år|trakt|gistyp|uid,,Karst2,Ytterligare karstspricka?,boolean,,,Här behöver visas en kortfattad bra definition för inventeraren som jag inte riktigt har kläm på ännu men som är ungefär så här lång.,,,,,,
år|trakt|gistyp|uid,,KarstHallAndel1,Andel häll,list,,{Ej valt=-1}|{0%=0}|{1-4%=1}|{5-10%=2}|{11-30%=3}|{31-60%=4}|{>60%=5},Andel av 1-metersprovytan som är täckt av blottad häll. ,global_sync,,,,,
år|trakt|gistyp|uid,,KarstHallAndel2,Andel häll,list,,{Ej valt=-1}|{0%=0}|{1-4%=1}|{5-10%=2}|{11-30%=3}|{31-60%=4}|{>60%=5},Andel av 1-metersprovytan som är täckt av blottad häll. ,global_sync,,,,,
år|trakt|gistyp|uid,,KarstPaTio,Finns karstsprickor inom 10 meter?,boolean,,,,local_sync,,,,,
år|trakt|gistyp|uid,,KarstProv1GPS_X,Positon för lilla karst-provytan,number,,,,global sync,,,,,
år|trakt|gistyp|uid,,KarstProv1GPS_Y,Positon för lilla karst-provytan,number,,,,global sync,,,,,
år|trakt|gistyp|uid,,KarstProv2GPS_X,Positon för lilla karst-provytan,number,,,,global sync,,,,,
år|trakt|gistyp|uid,,KarstProv2GPS_Y,Positon för lilla karst-provytan,number,,,,global sync,,,,,
år|trakt|gistyp|uid,,KarstRiktning1,Riktning karstsprickan,list,,{Välj=-1}|{Nord-Syd=1}|{Nordost-Sydväst=2}|{Öst-Väst=3}|{Sydost-Nordväst=4},,global sync,,,,,
år|trakt|gistyp|uid,,KarstRiktning2,Riktning karstsprickan,list,,{Välj=-1}|{Nord-Syd=1}|{Nordost-Sydväst=2}|{Öst-Väst=3}|{Sydost-Nordväst=4},Riktningen på karstsprickan. ,global sync,,,,,
år|trakt|gistyp|uid,,kommentar,dummy,text,,,,,,,,,
år|trakt,,Koord5kmLR_EW,,number,m,,sweref-koordinat 5km hörn,local_nosync,,,,,
år|trakt,,Koord5kmLR_NS,,number,m,,sweref-koordinat 5km hörn,local_nosync,,,,,
år|trakt,,Koord5kmUL_EW,,number,m,,sweref-koordinat 5km hörn,local_nosync,,,,,
år|trakt,,Koord5kmUL_NS,,number,m,,sweref-koordinat 5km hörn,local_nosync,,,,,
år|trakt|gistyp|uid,,KvadrantBarrTrad,Inväxande större barrträd,list,,{Inga=0}|{<25%=1}|{25-75%=2}|{>75%=3},Bedöms i arean från stammen till 5 meter utanför trädets kronprojektion.,,,,,,
år|trakt|gistyp|uid,,KvadrantBuskar,Inväxande buskar,list,,{Inga=0}|{<25%=1}|{25-75%=2}|{>75%=3},Bedöms i arean från stammen till 5 meter utanför trädets kronprojektion.,,,,,,
år|trakt|gistyp|uid,,KvadrantLovTrad,Inväxande större lövträd ,list,,{Inga=0}|{<25%=1}|{25-75%=2}|{>75%=3},Bedöms i arean från stammen till 5 meter utanför trädets kronprojektion.,,,,,,
år|trakt|gistyp|uid,,KvadrantSly,Inväxande träd <10cm,list,,{Inga=0}|{<25%=1}|{25-75%=2}|{>75%=3},Bedöms i arean från stammen till 5 meter utanför trädets kronprojektion.,,,,,,
år|trakt|gistyp|uid,,LAMBDA_201,dummy,number,,,,,,,,,
år|trakt|gistyp|uid,,lan,dummy,number,,,,,,,,,
år|trakt|gistyp|uid,,LovForna,Täckning av lövförna,list,,{0%=0}|{1-4%=1}|{5-10%=2}|{11-30%=3}|{31-60%=4}|{>60%=5},,,,,,,
år|trakt|gistyp|uid,,LutningsRiktning,Lutningsriktning (om >10 gr),list,,{Ingen=0}|{Norr=1}|{Öster=2}|{Söder=3}|{Väster=4},Närmaste väderstreck anges.,,,,,,
år|trakt|gistyp|uid,,MarkLavTackning,Täckning av marklevande bladlavar (ej nedfallna lavar),list,,{0%=0}|{1-4%=1}|{5-10%=2}|{11-30%=3}|{31-60%=4}|{>60%=5},"Inkluderar filtlavar, njurlavar och säcklavar. Vanliga arter är gruppen filtlavar, norrlandslav och torsklav.",,,,,,
år|trakt|gistyp|uid,,MarkslagKanSattas,Kan markslaget bestämmas?,boolean,,,Kan markslaget bestämmas (med någorlunda säkerhet) på avstånd?,global_sync,,,,,
år|trakt|gistyp|uid,,MarkslagUtFalt,,,,,,,,,,,
år|trakt|gistyp|uid,,MarkslagOmgivn1,Dominerande markslag utanför åkerkanten (>50%),list,,@file,Det markslag som omger biotopen på den sida som inte är åkermark.,,,,,,
år|trakt|gistyp|uid,,MarkslagOmgivn2,Ev. ytterligare markslag ,list,,@file,Ev. ytterligare markslag som täcker >25% av området utanför åkerområdet.,,,,,,
år|trakt|gistyp|uid,,MarkStorning,Störning av markytan (3 m),list,,@file,,,,,,Klass fem ''vildsvinsbök'' lades till,2017-05-23
år|trakt|gistyp|uid,,MarkStorningTackning,Täckning av störningen,list,,{0%=0}|{1-4%=1}|{5-10%=2}|{11-30%=3}|{31-60%=4}|{>60%=5},,,,,,,
år|trakt|gistyp|uid,,MarkUtFalt,Markslagsklassning,list,,@file,Viktig variabel! ,,,,,,
år|trakt|gistyp|uid,,MarkUtFlyg,Flygklassat markslag,number,,@file,"Ej i bruk, ska användas för kontroll mot fältbestämt markslag",,,,,,
år|trakt|gistyp|uid,,MekSkada,Mekaniska skador,boolean,,,,,,,,,
år|trakt|gistyp|uid,,MossorStenTackning,Täckning av stenlevande mossor,list,,{0%=0}|{1-4%=1}|{5-10%=2}|{11-30%=3}|{31-60%=4}|{>60%=5},Mossor som inte växer på humus eller jord utan direkt på sten. Ofta bildar de en ''ihopfiltad svål'' som går att lyfta loss. ,,,,,,
år|trakt|gistyp|uid,,MurStangsel,Kompletterande stängsel,list,,{inget=1}|{eltråd=2}|{taggtråd=3}|{rut/nätstängsel=4}|{Annan hägnad=5},,,,,,,
år|trakt|gistyp|uid,,n_koord,dummy,number,,,,,,,,,
år|trakt|gistyp|uid,,Naturahabitat_9999_Habitatarea,Areal,number,%,,9999 Icke Naturahabitat,global_sync,,,,,
år|trakt|gistyp|uid,,NoteringsKategori,Kategorier:,list,,Tips|Fara|Bomnyckel|Bro|Övrigt,,,,,,,
år|trakt|gistyp|uid|sub,,number_of_selections,Antal valda arter,number,,,,global_sync,,,,,
år|trakt|gistyp|uid,,OBJECTID,"Provytornas ordningsnummer inom ruta, variabel för etiketter och muntig kommunikation.",auto_increment,,,Ersätter ''objectid'' med små bokstäver fr.o.m. 2016,,,,,,
år|trakt|gistyp|uid,,OrmbunkarTackning,Täckning av ormbunksväxter,list,,{0%=0}|{1-4%=1}|{5-10%=2}|{11-30%=3}|{31-60%=4}|{>60%=5},,,,,,,
år|trakt|gistyp|uid,,OrsakText,"Fritextfält för orsak, max 200 tecken",text,,,,global_sync,,,,,
år|trakt|gistyp|uid,,OrterTackning,Täckning av örter,list,,{0%=0}|{1-4%=1}|{5-10%=2}|{11-30%=3}|{31-60%=4}|{>60%=5},,,,,,,
år|trakt|gistyp|uid,,OvrMossTackning,Täckning av övriga mossor,list,,{0%=0}|{1-4%=1}|{5-10%=2}|{11-30%=3}|{31-60%=4}|{>60%=5},,,,,,,
år|trakt|gistyp|uid,,PERM_RAND,dummy,number,,,,,,,,,
år|trakt|gistyp|uid,,PROB_2016,dummy,number,,,,,,,,,
år|trakt|gistyp|uid,,ProvInv,Polygonens provytor inventeras?,boolean,,,,global_sync,,,,,
år|trakt|gistyp|uid,,provyta,dummy,number,,,,,,,,,
år|trakt|gistyp|uid,,PROVYTETYP,Beskriver provytans form.,list,,CIRKEL|REKTANGEL|POLYGON,"Tre typer av provytor finns f.n. Cirklar, rektanglar och polygoner. Används för importen.",,,,,,
år|trakt|gistyp|uid,,Ptid,Parkeringstid,number,min,,Hur länge bilen har parkerat här.,global_sync,,,,,
år|trakt|gistyp|uid,,PtidMinut,P tid start,number,min,,,,,,,,
år|trakt|gistyp|uid,,PtidTimme,P tid start,number,h,,,,,,,,
år|trakt|gistyp|uid,,PtidText,Start parkering,text,,,,global_sync,,,,,
år|trakt|gistyp|uid,,RektangelRiktning,Provytans riktning,number,grader,,Provytans riktning längs långsidan. (Båda riktningarna är OK).,,1-360,,,,
år|trakt|gistyp|uid,,RemsaBredd,Bredd på vegetationsremsan (dm),list,dm,5|6|7|8|9|10|12|14|16|18|20|25|30|35|40|45|50|60|70|80|90|99,Alla värden i dm.,,,,,,
år|trakt|gistyp|uid,,RisTackning,Täckning av ris,list,,{0%=0}|{1-4%=1}|{5-10%=2}|{11-30%=3}|{31-60%=4}|{>60%=5},,,,,,,
år|trakt|gistyp|uid,,RojningsTidPoly,Röjningstid,list,,@file,Tid som gått sedan eventuell röjning. Bedömningen görs för att avgöra hur kraftigt och under vilken tid ljus- och näringsförhållanden ändrats för fältskiktet.,local_nosync,,,,,
år|trakt|gistyp|uid,,RojningsTid,Röjningstid,list,,@file,Tid som gått sedan eventuell röjning. Bedömningen görs för att avgöra hur kraftigt och under vilken tid ljus- och näringsförhållanden ändrats för fältskiktet.,global_sync,,,,,
år|trakt|gistyp|uid,,BedTackForeRojn,Bedömd träd-busktäckning före röjningsåtgärd,list,,{0%=0}|{1-4%=1}|{5-10%=2}|{11-30%=3}|{31-60%=4}|{>60%=5},,global_sync,,,,,
år|trakt|gistyp|uid,,AktuellTrBuTack,"Nuvarande täckning, efter röjning",list,,{0%=0}|{1-4%=1}|{5-10%=2}|{11-30%=3}|{31-60%=4}|{>60%=5},,global_sync,,,,,
år|trakt|gistyp|uid,,Rotskada,Synliga rotskador (>1 dm),boolean,,,,,,,,,
år|trakt|gistyp|uid,,RUTANILS,Används vid importen för som information,number,,,,,,,,,
år|trakt|gistyp|uid,,SAMPL_TIDI,dummy,number,,,,,,,,,
år|trakt|gistyp|uid,,Shape_Area,Variabel som ibland måste följa med styrfilen,text,,,,,,,,,
år|trakt|gistyp|uid,,Shape_Area,dummy,number,,,,,,,,,
år|trakt|gistyp|uid,,Shape_Length,Variabel som ibland måste följa med styrfilen,text,,,,,,,,,
år|trakt|gistyp|uid,,Shape_Length,dummy,number,,,,,,,,,
år|trakt|gistyp|uid,,SjukOrsak,Orsak till sänkt vitalitet,list,,{Beskuggning av andra träd=1}|{Mekanisk skada=2}|{Svampangrepp=3}|{Mekanisk skada + svampangrepp=4}|{Orsak okänd=5},,,,,,,
år|trakt|gistyp|uid,,SkyddsVartDiameter,Diameter på det skyddsvärda trädet.,list,cm,10|20|30|40|50|60|70|80|90|100|110|120|130,"Träd som uppfyller villkoret för skyddsvärt träd i småbiotopsinventeringen. (Ek, Bok > 70 cm. Låga >40 cm, Övriga >50 cm). Hamlade träd har ingen nedre gräns. Ange diameter i centimeter. ",,,,,,
år|trakt|gistyp|uid,,SkyddsVartFinns,Finns skyddsvärt träd/låga?,boolean,,,Finns skyddsvärt träd eller skyddsvärd låga?,,,,,,
år|trakt|gistyp|uid,,SkyddsVartTrad,Trädart ,list,,@file,Minst 50 cm i brh. För Ek och bok 70 cm. Hålträd och döda 40 cm. ,,,,,,
år|trakt|gistyp|uid,,Smadim,Finns smådim?,boolean,,,,,,,,,
år|trakt|gistyp|uid,,SnackProvAntal1,Antal hittade snäckor,number,,,Antalet snäckor räknas ner till 2 dm djup.,global_sync,,,,,
år|trakt|gistyp|uid,,SnackProvAntal2,Antal hittade snäckor,number,,,Antalet snäckor räknas ner till 2 dm djup.,global_sync,,,,,
år|trakt|gistyp|uid,,SnackProvSprickBredd1,Karstprickans bredd,list,,@file,Genomsnittlig bredd på karstsprickan.,global_sync,,,,,
år|trakt|gistyp|uid,,SnackProvSprickBredd2,Karstprickans bredd,list,,@file,Genomsnittlig bredd på karstsprickan.,global_sync,,,,,
år|trakt|gistyp|uid,,SnackProvSprickDjup1,Karstsprickans djup,list,,@file,Karstsprickans djup,global_sync,,,,,
år|trakt|gistyp|uid,,SnackProvSprickDjup2,Karstsprickans djup,list,,@file,Karstsprickans djup,global_sync,,,,,
år|trakt|gistyp|uid,,SolexpFaltsk,Ljusexponering (3 m),list,,{>95% av areal=1}|{51-95%=2}|{5-50%=3}|{<5%=4},Den faktiska ljusexponeringen som träffar fältskiktet. Solexponering avser det bedömda medelvärdet en solig dag mellan klockan 11 och 15 (maj – september).,,,,,,
år|trakt|gistyp|uid,,SolexpStam,"Solexponering stam nedom 1,8 m",list,,{>95% av areal=1}|{51-95%=2}|{5-50%=3}|{<5%=4},Procent relativt en fullt solbelyst stam en solig dag mellan klockan 11 och 15 (maj – september).,,,,,,
år|trakt|gistyp|uid,,SolexpSten,Solexponerad stenyta,list,,{>95% av areal=1}|{51-95%=2}|{5-50%=3}|{<5%=4},Ljusexponering av stensubstratets yta.Solexponering avser det bedömda medelvärdet en solig dag mellan klockan 11 och 15 (maj – september).,,,,,,
år|trakt|gistyp|uid,,SolexpVatten,Ljusexponering,list,,{>95% av areal=1}|{51-95%=2}|{5-50%=3}|{<5%=4},Ljusexponering av vattenfåran. Solexponering avser det bedömda medelvärdet en solig dag mellan klockan 11 och 15 (maj – september).,,,,,,
år|trakt|gistyp|uid,,SprickAndelBred,Andel av sprickor över 10 cm,list,,{Ej valt=-1}|{0%=0}|{1-4%=1}|{5-10%=2}|{11-30%=3}|{31-60%=4}|{>60%=5},,,,,,,
år|trakt|gistyp|uid,,SprickBetning,Finns tydliga spår av snäckbetning runt sprickorna?,list,,{Ej valt=-1}|{Ingen synlig betning=0}|{Viss betning=1}|{Tydlig fläckvis betning=2}|{Tydlig och spridd betning=3},,,,,,,
år|trakt|gistyp|uid,,SprickFyllnad,"Sprickornas genomrinning, sprickfyllnad",list,,{Ej valt=-1}|{0%=0}|{1-4%=1}|{5-10%=2}|{11-30%=3}|{31-60%=4}|{>60%=5},Andel av sprickor som är uppgrundade av förna till under 30 cm djup.,,,,,,
år|trakt|gistyp|uid,,SprickMangd,Summan av längden på karstsprickor på ytan?,list,,@file,,,,,,,
år|trakt|gistyp|uid,,SprickMangdPolygon,Summan av längden på karstsprickor inom polygonen?,list,,@file,,,,,,,
år|trakt|gistyp|uid,,SprickVegTack,Täckning av fältskikt/träd/buskar som är rotade i sprickan,list,,{Ej valt=-1}|{0%=0}|{1-4%=1}|{5-10%=2}|{11-30%=3}|{31-60%=4}|{>60%=5},Endimensionell trädtäckning av karstsprickor. Variabeln beskriver skuggning och potentiellt förnanedfall.,,,,,,
år|trakt|gistyp|uid,,StenMurSkick,Murens skick,list,,{Gott skick=1}|{Behov av underhåll=2}|{Förfallen=3},,,,,,,
år|trakt|gistyp|uid,,StenStorlek,Medelstorlek av stensubstrat,list,,"{<4 dm=1}|{4-7,5 dm=2}|{7,5-40 dm=3}|{>40 dm=4}   ",,,,,,,
år|trakt|gistyp|uid,,StenSubstratTyp,Typ av stensubstrat,list,,{Enstaka block=1}|{Stenmur=2}|{Röjningsanläggning=3}|{Häll=4}|{Gropvall=5}|,,,,,,,
år|trakt|gistyp|uid,,Stratum,dummy,number,,,,,,,,,
år|trakt|gistyp|uid,,Synlighet,Objektets synlighet,list,,"{Ej valt=-1}|{Helt synligt, >95%=1}|{Delvis synligt, 50-95%=2}|{Måttligt skymt, 5-49%=3}|{Helt skymt, <5%=4}",,,,,,,
år|trakt|gistyp|uid,,TackningHog,vegetation >15 cm,number,%,,,,,,,,
år|trakt|gistyp|uid,,TackningLag,vegetation <5 cm,number,%,,Andel av fältskiktet som pressas ner till det angivna höjdintervallet. För tuvor gäller att de ska vara distinkta och täckningen avser endast själva tuvorna.,,,,,,
år|trakt|gistyp|uid,,TackningMattlig,vegetation 5-15 cm,number,%,,,,,,,,
år|trakt|gistyp|uid,,TackningOvrigt,Övrigt (utan gräsmarksveg),number,%,,"Ytor inom provytan som inte täcks av vegetation. Exempelvis söndertrampad jord, hällmark eller vegetationsfri mark under granar. ",,,,,,
år|trakt|gistyp|uid,,TackningTuvor,Tydliga tuvor,number,%,,,,,,,,
år|trakt|gistyp|uid,,Tillganglighet,Tillgänglighet,list,,@file,,,,,,,
år|trakt|gistyp|uid,,TillganglighetAoB,Tillgänglighet för ÄoB provyta,list,,@file,,global_sync,,,,,
år|trakt|gistyp|uid,,TillganglighetHallmark,Tillgänglighet för hällmarkspolygon,list,,@file,,,,,,,
år|trakt|gistyp|uid,,TillganglighetHMProv,Tillgänglighet för hällmarksprovyta,list,,@file,Specialiserad och förenklad tillgänglighetslista för hällmarksprovytor.,,,,,,
år|trakt|gistyp|uid,,TillganglighetKarst,Tillgänglighet för Karsprovyta,list,,@file,,,,,,,
år|trakt|gistyp|uid,,SkotselPaverkad,Påverkad av skötselåtgärd,list,,@file,,,,,,,
år|trakt|gistyp|uid,,TimeStamp,Tidsstämpel för registrering,number,,,,,,,,,
år|trakt|gistyp|uid,,totMedelHojd,Medelhöjd för träd på 20 metersytan (Nils),list,,{<1 m=1}|{1-3 m =3}|{3-5 m=5}|{5-10 m=10}|{10-20 m=20}|{>20 m=21},,,,,,,
år|trakt|gistyp|uid,,totTackn,Total täckning av träd på 20-metersytan (Nils),number,,,"Observera att bedömningen görs inom ett och samma markslag,",,0-100,,,,
år|trakt|gistyp|uid,,TotTradBu1m,småbuskar & småträd <1m,list,,{0%=0}|{1-4%=1}|{5-10%=2}|{11-30%=3}|{31-60%=4}|{>60%=5},"Enstaka små individer anges med 1-4% även om täckning underskrider 0,5%.",,,,,,
år|trakt|gistyp|uid,,TotTradBu3m,buskar & småträd 1-3m,list,,{0%=0}|{1-4%=1}|{5-10%=2}|{11-30%=3}|{31-60%=4}|{>60%=5},,,,,,,
år|trakt|gistyp|uid,,TotTradBu7m,träd & buskar 3-7m,list,,{0%=0}|{1-4%=1}|{5-10%=2}|{11-30%=3}|{31-60%=4}|{>60%=5},,,,,,,
år|trakt|gistyp|uid,,TotTradBuVuxna,träd & buskar  >7m,list,,{0%=0}|{1-4%=1}|{5-10%=2}|{11-30%=3}|{31-60%=4}|{>60%=5},,,,,,,
år|trakt|gistyp|uid,,TradAntalAkerholme,"Antal trädstammar över 0,5 meter",list,,{0 st=0}|{1-5 st=5}|{6-20 st=20}|{21-50 st=50}|{51-200 st=200}|{>200 st=201},"Antal trädstammar över 0,5 meter. Räknas på hela objektet.",,,,,,
år|trakt|gistyp|uid,,TradAntalDikevatten,"Antal trädstammar över 0,5 meter",list,,{0 st=0}|{1-5 st=5}|{6-20 st=20}|{21-50 st=50}|{51-200 st=200}|{>200 st=201},"Antal trädstammar över 0,5 meter. Räknas inom dikesrenarna.",,,,,,
år|trakt|gistyp|uid,,TradAntalRemsa,"Antal trädstammar över 0,5 meter",list,,{0 st=0}|{1-5 st=5}|{6-20 st=20}|{21-50 st=50}|{51-200 st=200}|{>200 st=201},"Antal trädstammar över 0,5 meter. Räknas på hela objektet.",,,,,,
år|trakt|gistyp|uid,,TradAntalSmavatten,"Antal trädstammar över 0,5 meter",list,,{0 st=0}|{1-5 st=5}|{6-20 st=20}|{21-50 st=50}|{51-200 st=200}|{>200 st=201},"Antal trädstammar över 0,5 meter. Räknas i en 2-meters zon runt objektets medelhögvattenlinje.",,,,,,
år|trakt|gistyp|uid,,TradAntalStensub,"Antal trädstammar över 0,5 meter",list,,{0 st=0}|{1-5 st=5}|{6-20 st=20}|{21-50 st=50}|{51-200 st=200}|{>200 st=201},"Antal trädstammar över 0,5 meter. Räknas på hela objektet i en 2-meters zon utanför objektets periferi.",,,,,,
år|trakt|gistyp|uid,,TradBuskTacke,Finns träd eller buskar?,boolean,,,,,,,,,
år|trakt|gistyp|uid,,TradForekomst,Finns träd eller buskar?,boolean,,,,,,,,,
år|trakt|gistyp|uid,,TradMorfologi,Trädets form,list,,{Spärrigt=1}|{Högt ansatt krona=2}|{Normalformat träd=3}|{Hamlat=4}|{Kan ej avgöras=9},,,,,,,
år|trakt|gistyp|uid,,TRAKT,Används vid importen för insortering av data,number,,,,,,,,,
år|trakt|gistyp|uid,,typkod,dummy,number,,,,,,,,,
år|trakt|gistyp|uid,,VagFaltHojd,Höjd på vägbanans vegetation ,list,,{0-5 cm=1}|{5-15 cm =2}|{>15 cm=3},Analogt med beteshöjd. Bedömt område är vägbanan.,,,,,,
år|trakt|gistyp|uid,,VagrenFaltHojd,Höjd på vägrenens vegetation,list,,{0-5 cm=1}|{5-15 cm =2}|{>15 cm=3},Analogt med beteshöjd,,,,,,
år|trakt|gistyp|uid,,VagTyp,Typ av väg,list,,{markväg=1}|{Anlagd brukningsväg=2},1. Markvägar följer terrängen och saknar vägbank och sidodiken. Viss förstärkning kan tillåtas inom klassen som exempelvis krossat tegel eller grus i svackor. Tillfälliga körspår räknas inte hit. 2. Med anlagd brukningsväg avses vägar med tillfört eller upplagt material. Hit räknas bara mindre anlagda vägar för exempelvis transporter inom gårdsområdet eller som binder samman enstaka fastigheter.,,,,,,
år|trakt|gistyp|uid,,VattenDjup,Vattendjup,list,dm,1|2|3|4|5|6|7|8|9|10|20|30|50|50+,Uppskattat största vattendjup (dm) i småvattnet,,,,,,
år|trakt|gistyp|uid,,VattenfaraBredd,Vattenfårans bredd (dm),list,dm,0|1|2|3|4|5|6|7|8|9|10|12|14|16|18|20|25|30|35|40|45|50|51+,,,,,,,
år|trakt|gistyp|uid,,VattenfaraDjup,Vattenfårans djup (dm),list,dm,0|1|2|3|4|5|6|7|8|9|10|11+,,,,,,,
år|trakt|gistyp|uid,,VattenRensning,Nyligen utförd rensning av småvattnet (<5år),boolean,,,,,,,,,
år|trakt|gistyp|uid,,VattenVeg,Täckning av vattenvegetation,list,,{0%=0}|{1-4%=1}|{5-10%=2}|{11-30%=3}|{31-60%=4}|{>60%=5},"Vertikal täckning på och över vattenytan av flytbladsväxter, flytande växter och övervattensväxter. Grönalger ingår ej.",global_sync,,,,,
år|trakt|gistyp|uid,,VegHojdHog,vegetation >15 cm,list,%,00|10|20|30|40|50|60|70|80|90|100,,,,,,,
år|trakt|gistyp|uid,,VegHojdKort,vegetation <5 cm,list,%,00|10|20|30|40|50|60|70|80|90|100,"Höjd på vegetation, summan av samtliga ska vara 100%",,,,,,
år|trakt|gistyp|uid,,VegHojdMedel,vegetation 5-15 cm,list,%,00|10|20|30|40|50|60|70|80|90|100,,,,,,,
år|trakt|gistyp|uid,,VegSaknas,Övrigt (utan vegetation),list,%,00|10|20|30|40|50|60|70|80|90|100,Summan av de fyra beteskategorierna måste vara 100.,,,,,,
år|trakt|gistyp|uid,,Vitalitet,Kronans vitalitet,list,,{>50% frisk=1}|{20-50% frisk=2}|{<20% frisk=3}|{Dött stående träd=4}|{Dött liggande träd=5},,,,,,,
år|trakt|gistyp|uid,,VitmossorTackning,Täckning av gruppen vitmossor,list,,{0%=0}|{1-4%=1}|{5-10%=2}|{11-30%=3}|{31-60%=4}|{>60%=5},,,,,,,
år|trakt|gistyp|uid,,VittringTackning,Täckning av vittringsmaterial,list,,@file,,,,,,,
år|trakt|gistyp|uid,,VittrKornStorlek,Kornstorlek vittringsmaterial,list,,{Ej valt=-1}|{Sten=20}|{Grus=2}|{Grovmo/Sand=1}|{Finmo/Mjäla=0},"Variabeln avser den dominerande fraktion som täcker ytan. (Sten > 20mm, Grus 2-20 mm, Grovmo/Sand = 0,02-0,2 mm, Finmo/Mjäla 0,002-0,02 mm).",global_sync,,,,,
år|trakt|gistyp|uid,,VittrPolygoner,Finns polygonstrukturer?,list,,ingen|otydlig|tydlig,,,,,,,
år|trakt|gistyp|uid,,VittrTjocklek,Medeltjocklek av skikt med vittringsmaterial,list,,{Ej valt=-1}|{1-4 cm=1}|{5-10 cm=5}|{>10=10},Medeltjocklek av skikt med vittringsmaterial.,,,,,,
år|trakt|gistyp|uid,slider,Ristuvevegetation,Ristuve-veg,number,%,,Slidervariabel,local_sync,,,,,
år|trakt|gistyp|uid,slider,Fastmatta,Fastmatta,number,%,,Slidervariabel,local_sync,,,,,
år|trakt|gistyp|uid,slider,Mjukmatta,Mjukmatta,number,%,,Slidervariabel,local_sync,,,,,
år|trakt|gistyp|uid,slider,Losbotten,Lösbotten,number,%,,Slidervariabel,local_sync,,,,,
år|trakt|gistyp|uid,slider,Sumpkarr,Sumpkärr,number,%,,Slidervariabel,local_sync,,,,,
år|trakt|gistyp|uid,slider,Ovrigt,Övrigt,number,%,,Slidervariabel,local_sync,,,,,
år|trakt|gistyp|uid,,FysionMyrtypRistuvevegetation,,number,%,,,,,,,,
år|trakt|gistyp|uid,,FysionMyrtypFastmatta,,number,%,,,,,,,,
år|trakt|gistyp|uid,,FysionMyrtypMjukmatta,,number,%,,,,,,,,
år|trakt|gistyp|uid,,FysionMyrtypLosbotten,,number,%,,,,,,,,
år|trakt|gistyp|uid,,FysionMyrtypSumpkarr,,number,%,,,,,,,,
år|trakt|gistyp|uid,,FysionMyrtypOvrigt,,number,%,,,,,,,,
år|trakt|gistyp|uid,,TorvTaktTid,Tidpunkt torvtäkt,list,,{Ej valt=-1}|{Ingen torvtäkt=0}|{År 1-5=1}|{År 6-10=2}|{År 11-25=3}|{>25 år=4},,global_sync,,,,,
år|trakt|gistyp|uid,,DikesAvst,Dikesavstånd,list,m,@file,,global_sync,,,,,
år|trakt|gistyp|uid,,DranEff,Dräneringseffekt,list,,{Ej valt=-1}|{Mycket tydlig=1}|{Tydlig=2}|{Liten=3}|{Mycket liten=4},,global_sync,,,,,
år|trakt|gistyp|uid,,TorvDikesDjup,Torvdikesdjup,list,cm,Ej valt|1|2|3|4|5|6|7|8|9|10|11|12|13|14|15|16|17|18|19|20|21+,,global_sync,,,,,
år|trakt|gistyp|uid,,Vattenpav,Vattenpåverkan,list,,{Ej valt=-1}|{Ingen vattenpåverkan=0}|{Egentlig översilning=1}|{Källpåverkan=2}|{Tidvis översvämmat=3},,global_sync,,,,,
år|trakt|gistyp|uid,,TorvDjup,Torvdjup,list,cm,Ej valt|00|10|20|30|40|50|60|70|80|90|100|>100,Torvens tjocklek (cm) i snitt på provytan.,global_sync,,,,,
år|trakt|gistyp|uid,,HumifGrad,Humifieringsgrad,list,,{Ej valt=-1}|{Låg=1}|{Tämligen låg=2}|{Medel=3}|{Tämligen hög=4}|{Hög=5},Hur omvandlad är torven?,global_sync,,,,,
år|trakt|gistyp|uid,,SandTyp,Sandtyp,list,,{Ej valt=-1}|{Sandtyp 1=1}|{Sandtyp 2=2},Hur fragmenterat är växtsamhället (text uppdateras av AB),global_sync,,,,,
år|trakt|gistyp|uid,,MossTjocklek,Medeltjocklek mossa,list,,{Ej valt=-1}|{Mossa saknas=0}|{1cm=1}|{2cm=2}|{3cm=3}|{4cm=4}|{5cm=5}|{6cm=6}|{8cm=8}|{10cm=10}|{12cm=12}|{15cm=15}|{20cm=20},Mosstäckets medeltjocklek,global_sync,,,,,
år|inventerare,start,dag,Dag,number,,,Dagen i månaden,global_nosync,1-31,,,,
år|inventerare,start,manad,Månad,number,,,Månadens nummer,global_nosync,1-12,,,,
år|inventerare,slut,dag,Dag,number,,,Dagen i månaden,global_nosync,1-31,,,,
år|inventerare,slut,manad,Månad,number,,,Månadens nummer,global_nosync,1-12,,,,
år|inventerare,slut,timme,Timme,number,,,,global_nosync,1-24,,,,
år,,AnvNamn,Användarens namn,text,,,Lokal variabel som används för att kolla om namn har satts,local_nosync,,,,,
år|inventerare,STATUS,status_larm,Larm initierat,number,,,Lokal variabel som indikerar om larmet är aktiverat,local_nosync,,,,,
år|inventerare,STATUS,status_telenummer,Telef nummer inmatade,number,,,,local_nosync,,,,,
år|inventerare,STATUS,status_arbetsperiod,Arbetsperiod OK,number,,,,local_nosync,,,,,
år|inventerare,,NyPeriod,Ny period?,boolean,,,,local_nosync,,,,,
år|inventerare,,exportOK,,boolean,,,Resultat av exportfunktionen för statusrapportering,local_nosync,,,,,
år|inventerare,,Projekt,Inventeringsprojekt,text,,,"Namn på projekt, taget från bundle name",global_nosync,,,,,
år|inventerare,,PeriodBorjar,Perioden påbörjas:,text,,,Datum för arbetsperiodens start (lokal),local_nosync,,,,,
år|inventerare,,PeriodSlutar,Perioden beräknas vara avslutad,text,,,Tidpunkt för arbetsperiodens slut (lokal),local_nosync,,,,,
år|inventerare,,TelefMitt,Mitt gällande mobilnummer,text,,,"Telefonnummer utan mellanslag ska börja med landskod (+46) och utan nolla, t.ex. +46701234567.",global_nosync,,,,,
år|inventerare,,TelefAnhorig,Telefon till anhörig,text,,,"Telefonnummer utan mellanslag ska börja med landskod (+46) och utan nolla, t.ex. +46701234567.",global_nosync,,,,,
år|inventerare,,TelefFaltStod,Telefon till fältstöd,text,,,"Telefonnummer utan mellanslag ska börja med landskod (+46) och utan nolla, t.ex. +46701234567.",global_nosync,,,,,
år|inventerare,,MinMejl,Min e-postadress,text,,,Inventerarens e-postadress.,global_nosync,,,,,
år|inventerare,,TimerLimit,Inställning av timer-tid,list,minuter,60|90|120|150|180,Antal minuter efter sista dataexporten när larm ges,global_nosync,,,,,
år|inventerare,,InCheckad,,number,,,,global_nosync,,,,,
år|inventerare,,CheckInNow,Incheckning arbete,text,,,Tidpunkt för incheckning,global_nosync,,,,,
år|inventerare,,CheckInPositionX,,number,,,Position när incheckningen görs,global_nosync,,,,,
år|inventerare,,CheckInPositionY,,number,,,Position när incheckningen görs,global_nosync,,,,,
år|inventerare,,CheckInPrecision,,number,,,GPS accuracy,global_nosync,,,,,
år|inventerare,,CheckOutNow,Utcheckning arbete,text,,,Tidpunkt när man checkar ut,global_nosync,,,,,
år|inventerare,,CheckOutPositionX,,text,,,Position när utcheckningen görs,global_nosync,,,,,
år|inventerare,,CheckOutPositionY,,text,,,Position när utcheckningen görs,global_nosync,,,,,
år|inventerare,,CheckOutPrecision,,number,,,GPS accuracy,global_nosync,,,,,
år|inventerare,,AlarmPositionX,,text,,,Position när utcheckningen görs,global_nosync,,,,,
år|inventerare,,AlarmPositionY,,text,,,Position när utcheckningen görs,global_nosync,,,,,
år|inventerare,,AlarmPrecision,,number,,,GPS accuracy,global_nosync,,,,,
år|inventerare,,SendmeSMS,Skicka test-SMS,number,,,Testar larmkedjan utan att skapa äkta larm. SMS ska komma i retur.,global_nosync,,,,,
år|inventerare,,ActivateAlarmNow,Aktivera Alarm nu,number,,,Aktiverar larmet (Obs! kan dröja upp till 30 minuter),global_nosync,,,,,
år|inventerare,,DeactivateAlarm,Avaktivera alarmet ,number,,,Avaktiverar ett av misstag aktiverat larm.,global_nosync,,,,,
år|inventerare,,dummy,dummyvariabel,boolean,,,Används av en exportfunktionen,local_nosync,,,,,